name,simTicks,branchPred.BTBHitRatio,btb.mispredict::total,cpu.numCycles,cpu.cpi
2_slli_s,1922140000.0,0.549562,351.0,3844282.0,0.666096
2_slliw_s,1922140000.0,0.549562,351.0,3844282.0,0.666096
2_srai_s,1907433000.0,0.54663,316.0,3814868.0,0.665487
2_sraiw_s,1907433000.0,0.54663,316.0,3814868.0,0.665487
2_srli_s,1907433000.0,0.54663,316.0,3814868.0,0.665487
2_srliw_s,1907433000.0,0.54663,316.0,3814868.0,0.665487
